,Validation MAE,Test MAE
0,0.4678482562303543,0.5322405219041675
